feature,count
good app,166
great app,80
love app,58
thank,55
use gemini,48
very good app,44
very nice app,30
like app,29
replace google assistant,29
use app,28
open app,27
ask question,26
give answer,24
answer question,24
need improvement,23
love gemini,21
good ai,20
generate image,19
good ai app,18
ask gemini,17
unlock phone,17
good application,16
create image,16
set reminder,14
use google assistant,14
give wrong answer,14
awesome app,14
have problem,14
change language,13
amazing app,13
make mistake,13
need lot,13
nice app,13
nice work,12
like gemini,12
good job,12
get answer,11
need more improvement,11
very helpful app,11
play music,11
good experience,10
very useful app,10
waste,9
make call,9
download app,9
chat gpt,9
do thing,8
give5 star,8
good working,8
update,8
good work,8
have idea,8
replace assistant,8
great experience,8
bad ai,8
great ai,8
need work,8
garbage,8
great job,7
change voice,7
give information,7
enjoy app,7
have issue,7
good one,7
very good ai,7
delete app,7
useful app,6
give correct answer,6
use ai,6
good service,6
excellent performance,6
play song,6
ai,6
thank google,6
add feature,6
set alarm,6
do lot,6
do simple task,6
solve problem,6
open spotify,6
have gemini,6
edit,5
find answer,5
wrong answer,5
helpful app,5
use voice,5
recommend app,5
understand language,5
very nice application,5
solve question,5
app,5
love ai,5
great help,5
need app,5
set timer,5
control phone,5
good assistant,5
try gemini,5
have conversation,5
bad experience,5
good morning,5
generate picture,5
play spotify,4
cool app,4
very bad app,4
do basic thing,4
good friend,4
best ai,4
use phone,4
wonderful app,4
have potential,4
meet expectation,4
great work,4
have word,4
ask google assistant,4
good performance,4
make picture,4
give time,4
have lot,4
amazing application,4
complete task,4
gemini,4
very good application,4
very nice ai app,4
waste time,4
hear voice,4
save chat,4
answer simple question,4
turn light,4
use gemini app,4
disable app,4
need,4
have question,4
give accurate answer,4
blow mind,4
pay attention,3
follow instruction,3
need more work,3
prefer google assistant,3
change name,3
instal app,3
provide answer,3
good platform,3
wrong information,3
fix issue,3
use application,3
good thing,3
control spotify,3
work,3
give exact answer,3
rubbish,3
change rating,3
useless app,3
love application,3
best ai app,3
very nice experience,3
have answer,3
have fun,3
try app,3
voice,3
feature,3
ask same question,3
give4 star,3
have capability,3
love way,3
change life,3
play pandora,3
fix bug,3
good response,3
make sense,3
like google gemini,3
add persian language,3
see point,3
1 star,3
give option,3
have ability,3
very nice ai,3
good ai tool,3
generate photo,3
unlock device,3
have memory,3
google,3
problem,3
finish sentence,3
create photo,3
like way,3
bad app,3
do homework,3
do half thing,3
very good ai app,3
great tool,3
find information,3
remove app,3
use chatgpt,3
have suggestion,3
give wrong info,3
thing,3
like fact,3
make phone call,3
good night,3
give detail,3
tell gemini,3
make image,3
like ai,3
word,2
get information,2
update ai,2
download gemini,2
write email,2
awesome thank,2
excellent application,2
take screenshot,2
have restriction,2
speak persian,2
use ga,2
upload photo,2
switch assistant,2
useful ai,2
love concept,2
answer all question,2
give all information,2
waste app,2
push user,2
make decision,2
enjoy gemini,2
try gemni,2
remove feature,2
talk,2
do many task,2
add name change feature,2
excellent job,2
make stuff,2
cool feature,2
support persian,2
create pic,2
tell name,2
hear gemini,2
help,2
solve math and science question,2
read text message,2
understand question,2
suck,2
see text,2
future,2
add image section,2
trust ai,2
get info,2
five star,2
have option,2
have limited time,2
use service,2
outstanding performance,2
good start,2
wonder,2
turn phone,2
open gemini,2
good teacher,2
superb experience,2
good support,2
finish question,2
give lot,2
send picture,2
provide response,2
give task,2
response,2
give good result,2
misinterpret word,2
share datum,2
make app,2
ability,2
spanish,2
great ai app,2
generate logo,2
make photo,2
search thing,2
awesome ai app,2
use assistant,2
speak burmese,2
language option,2
have feature,2
good free ai,2
adjust alarm,2
music,2
take google assistant,2
get email,2
still work,2
give well answer,2
learn english,2
horrible app,2
have app,2
call people,2
do routine,2
very good service,2
very bad response,2
good source,2
appreciate app,2
provide information,2
create calendar event,2
use spotify,2
understand request,2
generate output,2
miss google assistant,2
need more update,2
great product,2
see answer,2
poor service,2
find song,2
do alot,2
upload pdf file,2
good use,2
like one,2
improve thing,2
good replacement,2
very usefull app,2
recognize voice,2
have response,2
love google gemini,2
give five star,2
switch language,2
speak czech,2
use hey google,2
beast,2
good tool,2
awesomeness,2
alter image,2
remember conversation,2
remove assistant,2
wow nice app,2
give right answer,2
get app,2
fast response,2
awesome tool,2
read image,2
fantastic feature,2
nice and helpful app,2
job,2
create app,2
do good job,2
say word,2
use gemini ai,2
perfect app,2
congratulation,2
excellent experience,2
do work,2
understand context,2
solve math problem,2
next level,2
most advanced ai,2
very useful ai,2
cool stuff,2
throw phone,2
make music,2
take place,2
need help,2
call hey google,2
very helpful application,2
great software,2
fix problem,2
provide wrong information,2
have knowledge,2
make logo,2
censorship,2
save time,2
voice activation,2
want more update,2
need more information,2
bug user,2
very helpful ai,2
know thing,2
give direction,2
give feedback,2
give zero star,2
good interface,2
answer,2
take action,2
language,2
like feature,2
great application,2
understand word,2
do stuff,2
pass exam,2
answer thing,2
adjust volume,2
make thing,2
very good and useful app,2
address issue,2
love live chat,2
have access,2
lack,2
live option,2
do home work,2
so good app,2
great service,2
speak language,2
need update,2
repeat word,2
have friend,2
access phone,2
want assistant,2
such great ai,2
need more feature,2
face problem,2
keep good work,2
cool ai app,2
understand concept,2
lock screen,1
save life,1
instal gemini,1
hear only girl voice,1
very good and nice app,1
give nice information,1
love ai buddy,1
hold candle,1
bad copy cat,1
spell simple word,1
switch payment method,1
try bard,1
give google assistant,1
need more beautiful voice,1
do most basic stuff,1
goated fr,1
get a+,1
get useful response,1
learn new skill,1
exceed such attitude,1
outperform pay gemini,1
solve odia math problem,1
offer feature,1
create trend image,1
logical answer,1
change ai voice assistant,1
see capability,1
spend5 minute,1
near era,1
recommend amazing ai tool,1
have industrial revolution,1
have wealth,1
it good ai tool,1
do good one,1
use voice command,1
speed voice,1
calculate math problem,1
give plenty,1
bekaar application hai waste,1
very important application,1
quite possibly most useless invention,1
very amazing app,1
solve maths sum,1
fetch information,1
like live conversation,1
generate image sof people,1
handle non google datum,1
give different answer,1
make computer,1
replace assitant,1
take picture,1
improve image quality,1
limit utility,1
give write information,1
chat gtp,1
change device setting,1
identify photo,1
use entire imagination,1
give right info,1
combat jailbreak,1
use context,1
remove text,1
great app ai,1
change algorithm,1
bad app experience,1
punisher,1
helpful application,1
figure life,1
want old homescreen,1
answer mathematic question,1
offer text,1
love thing,1
have live convo,1
reinstall assistant,1
fantastic app,1
launch app,1
stop shortcut,1
support language,1
very essential application,1
very good thank,1
take small storage space,1
wonderful ai,1
use thing,1
superb ai enhancement,1
manage florida$200000 hurricane income taxis,1
have cloud base ai,1
give circle repetitive subjective answer,1
identity theft,1
give flowery answer,1
not good replacement,1
verry good app,1
have knowledgeable and versatile ai assistant,1
very good assetant,1
get bad wrap,1
earn trillion absurd gambling,1
add date,1
enhance image,1
good ai help,1
good conversation,1
cutout educarional hard topic,1
want logical objective response,1
consider ai feature,1
wrong location,1
improve voice,1
edit message,1
capture,1
answer query,1
perform basic task,1
correct name,1
repeat self,1
miss watch,1
artificial gemini,1
change assistant,1
locate steal laptop,1
buy pay version,1
need more devlopment,1
curtrina holloway,1
leave viewer,1
address current shortcoming,1
provide copy button,1
leave option,1
add more local language,1
just's version,1
train model,1
navigate home screen,1
like software,1
make so much talk,1
have open discussion,1
want historical fact,1
have expert,1
grant full access,1
discuss topic,1
give total us population,1
use broad set,1
gemini app,1
word app,1
"come to""gemini",1
salamat good to sa answer,1
gemini ai1 superbly,1
separate application,1
create spreadsheet,1
make silly mistake,1
most beautiful and important app,1
have new good friend,1
amazing ai software,1
swift,1
give wide view,1
input,1
lack co tinnitus,1
correct answer,1
gemini= super computer,1
lock phone,1
close keyboard,1
learn enough impormation,1
fortuner,1
add instant touch,1
give wrong information,1
advertise:-,1
nice answer,1
understand good advicer,1
verify information,1
give inaccurate answer,1
have good feature,1
see multiple perspective,1
give lovely result,1
give3star,1
love many stuff,1
have lack,1
provide comprehensive assistance,1
improve multiple language mode,1
provide very less time,1
definitely zero star,1
provide option,1
create unlimited pic,1
have good choice,1
infuse interaction,1
big question,1
have other gender,1
steal clippy,1
give ai capability,1
make improvement,1
well ever technology,1
pull interview,1
love perfect and fabulous app,1
extraordinary app,1
brilliant picture,1
more language,1
lack most important property,1
raise important question,1
provide personal information,1
offer benefit,1
need a little voice improvement,1
limited function,1
appreciate creation,1
diagram show feature,1
need good vpn,1
remove google assistant,1
do translation,1
good voice assistant,1
improve math answer type formay,1
very poor language understanding skill,1
mind,1
get a,1
horrible inept and confused ai,1
ask app,1
integrate google‚Äôs translate and screen search feature,1
forget context,1
open bloody app,1
get chatgpt style answer,1
understand intent,1
very reliable application,1
great improvement,1
rate1 star,1
advertise image generation,1
port exist functionality,1
very helpful& informative app,1
support arabic language,1
listen song,1
push sand button,1
o k,1
create art,1
ask complicated question,1
provide correct one,1
install several app,1
generate explicit content,1
impressive chat bot,1
very speedy delivery,1
interpretat audio command,1
love engagement interface,1
share picture,1
process simple thing,1
get advance,1
use feature,1
get gemini beta app,1
ok thank,1
awesome conversationalist,1
give great advice,1
add various voice,1
good ai companion,1
leave house,1
do same stuff,1
poor function,1
give question paper,1
suggest chat gpt,1
useful information,1
capture word,1
create own image,1
roll apple intelligence,1
good app help,1
perfection,1
find location,1
open many app,1
use gemeni,1
require update,1
mistake innovation,1
have feature parity,1
add more third party integration,1
lisin answer,1
receive output,1
clear all doubt,1
excellent app,1
give full picture,1
great intuitive app,1
very super app,1
catapult21st century modern man,1
need a.i,1
generate painting,1
quick narrative,1
utter garbage,1
develop problem,1
store information,1
use voice assistance,1
top ai,1
outstanding app,1
usefull and user friendly interface,1
explain thought,1
praise,1
give wrong translation,1
edit comment,1
vertyhelpful ai,1
use tool,1
great work well life,1
undeniably cool high aspiration,1
open alarm,1
nice ai,1
tell news,1
get more accurate response,1
not much advance,1
too much political bias,1
remove google,1
use vpn,1
have driving tone,1
give playlist,1
fun app,1
add automatic scrolling,1
great concept,1
extremely limited accessibility,1
manipulate datum,1
turn picture,1
take note,1
keep track,1
promote very untrustworthy experience,1
precise explanation,1
really good companion,1
fuse google assistant,1
very good thing,1
good app student,1
great user interface,1
nice friend,1
do simple thing,1
get5 option,1
make list,1
take too much time,1
study nice one gemini,1
gemini one time good knowledge and skill app,1
perhaps poor ai,1
compare same query,1
need further development,1
tankyou,1
facilitate all educational structure,1
improve productivity level,1
give lengthy clear announcement,1
surprise visitor,1
great and useful app,1
translate,1
misunderstand word,1
give language,1
receive value,1
get response,1
raise rating,1
unlock screen,1
have family link,1
waste money,1
give hint,1
mix information,1
set routine,1
download chatbot,1
provide accurate response,1
give irrelevant answer,1
good and nice information,1
draft own quiz,1
write character,1
reach point,1
awesome ai assistant,1
love gimini,1
last a few second,1
make ai photo,1
need english,1
do simple math,1
give false result,1
by far bad ai model,1
make huge size report,1
add tamil language,1
good revolutionary thing,1
have pro version,1
send6 message,1
have multiple google fi line,1
voice listening problem,1
a+,1
cheer google,1
add variety,1
not suitable replacement,1
control smart home thing,1
uninstall,1
spot assistance,1
support normal conversation,1
try prompt,1
provide correct answer,1
have little bit knowledge,1
write paragraph suggestion,1
use live feature,1
tell upcoming appointment,1
upgrade phone,1
writte essay,1
life saver,1
understand18 ft,1
repeat sentence,1
impressive performance,1
give such positive feedback,1
separate phrase,1
do error,1
do none,1
have competition,1
love ai microsoft,1
answer homework,1
implement memory feature,1
smart reply,1
remember command,1
effective learning,1
connect divisidizm,1
short term memory nhi he,1
learn more command,1
hear single word,1
ai powered,1
answer picture,1
great ai technology,1
give only wrong answer,1
press home button,1
give bunch,1
only ai,1
need kind,1
such stupid developer,1
set multiple alarm,1
give rellvelant answer,1
ask bro,1
want beta pro version,1
find job,1
can be upgrade,1
remove name,1
show english language,1
do honor magic6pro,1
anwere question,1
wonderful experience,1
include photo,1
name title,1
replace invalid link,1
take second,1
learn lot,1
give error,1
do good work,1
great awesome app,1
remove community mambar,1
good app read,1
give ring,1
good luck,1
voice sensitivity issue,1
prefer gemini,1
provide very bad response,1
follow information,1
give chance,1
misunderstanding,1
mind bowing,1
give one star,1
bring vision,1
give great information,1
communicate business matter,1
interrupt train,1
make cartoon character,1
integrate assistant,1
automatic service,1
well option,1
news,1
such good app,1
resolve problem,1
easy access,1
make about10 more list,1
it quite useful app,1
fail test,1
good app ai,1
very good and hassle free experience,1
ask doubt,1
thankyou google,1
dislike iu,1
understand speech,1
great ai companion,1
kill mutation,1
half star,1
like voice chat,1
love sound,1
pretty fly,1
create same image,1
add arabic language,1
change subject,1
give vague info,1
incorrect response,1
have secretary,1
very frustrating chatbot,1
like assistant,1
receive update,1
have personality disorder,1
improve gemini zulu language,1
enjoy challenge,1
great ai assistance,1
not bad but little good other ai tool,1
deserve5 star,1
effective result output,1
great job google,1
give straight answer,1
spotify extension,1
hol y methampheatermeingh i.c.crystalmadison,1
very helpfull,1
create article,1
love feature,1
give specific information.but,1
most helpful application,1
good ever ai,1
100 percent,1
kill google assistant,1
copy select text,1
have one,1
prepare assignment,1
deserve5 star rating,1
see drawing,1
earn a++,1
very good and great ai software,1
make fast improvement,1
accept request,1
answer only three question,1
play spotify song,1
give valid point,1
raise siding,1
press mic button,1
talk agian,1
keep type,1
want quick and helpful information,1
one feature,1
give exact result,1
really nice app,1
process image command,1
add tagalog,1
provide new information,1
have reasoning power,1
ok really helpful application,1
hear voice command,1
lifelike fast interaction,1
tell correct answer,1
instal gemmi ai,1
helpfully tool,1
few kink,1
find well auto response,1
google/ deepmind,1
mera experience,1
use text speaking app,1
not accurate information,1
provide good content,1
one,1
use british accent,1
know own feature,1
good translate,1
give forecast,1
such basic task,1
force upgrade,1
spotify control,1
give dissertation,1
give feeling,1
presicion answer,1
promote ad,1
use full application,1
acces microphone,1
~mdbi,1
most stupid assistant,1
give random response,1
understand pronounciation,1
awefull,1
need short answer,1
pant,1
have google phone,1
haul heavy trailer,1
identify image,1
send more opportunity,1
help person,1
keep phone,1
kill skynet,1
need more finesse,1
very nice and telling correct information,1
hallp,1
regard,1
listen somerime,1
have own meaning,1
need well visual,1
poor response,1
fantastic day thank,1
luv gemini,1
ask update,1
amazing and usefull tool,1
ask payment,1
easy access nyc app,1
moderate,1
begin answer,1
represent diverse accent,1
gain application,1
improve answer,1
amswer question,1
burn skin,1
access google's mind,1
hide key answer,1
error processing image,1
set default language,1
take constructive criticism,1
simple clean effect,1
ask yes or no question,1
solve math homework,1
use android,1
wrong feedback,1
get proper result,1
ask math problem,1
read link,1
best al,1
hat,1
good bit feeling,1
more fun,1
have special feature,1
overall excellent app,1
create google docs,1
need reliable manageable structure,1
poor self knowledge,1
more extension,1
splendid app,1
reckon fact,1
invent google gemini,1
request information,1
want english,1
brilliant app,1
provide informative and comprehensive response,1
set gemini,1
remember detail,1
post more use,1
understand statement,1
open new chat,1
have multiple ongoing conversation,1
continue conversation,1
provide sufficient information,1
need realtime voice,1
great voice assistant,1
thank app,1
provide well user experience,1
lack efficiency,1
uninstalle app,1
take feedback,1
add ai,1
provide instant response,1
open copilot,1
family,1
very nice and beautiful picture,1
very help,1
prefer classic google assistant,1
not good one,1
give proper answer,1
baat experience,1
give full phone controll,1
use edit icon,1
system faad app,1
answer user query,1
search info,1
helpfully app,1
support khmer language,1
want ai,1
flashlight,1
wast app,1
check email,1
support family link account,1
shut chat,1
return new pixel,1
calculate simple math,1
feature pack,1
plenty,1
control smart home function,1
current datum,1
want help,1
verify ai information,1
have search button,1
give short answer,1
see persian language,1
bring google assistant,1
take phone,1
use claude,1
amazing feat,1
turn hallway light,1
turn extremely basic hallway light,1
override google assistant,1
support,1
create ai,1
find pic,1
generate video,1
increase voice,1
like gemini thing,1
make brilliant thing,1
shorten answer,1
have type,1
have enough experience,1
say censorship,1
so much glitch,1
inputte prompt,1
get good response,1
want google assistant,1
have long way,1
read input,1
find quick information,1
evaluate functionality,1
good response time,1
goto generative ai app,1
good artificial intelligence,1
play game,1
good friend app,1
app purchase,1
worthless app,1
like application,1
do gemini,1
explain google search,1
provide source,1
press button,1
initial comment,1
rate one star,1
play response,1
try many thing,1
more useful information,1
enjoy feature,1
link location,1
keep okay hey google function,1
keep correct information,1
beautiful ui,1
buy google pixel9 pro xl,1
have google gemini advance,1
see icon,1
voice command,1
very powerful and easy to use assistant,1
world ai bot,1
play news,1
remove lecture aspect,1
send homework,1
send info,1
help loneliness,1
huge upgrade,1
buy copper pineapple,1
reform messenger,1
amazing technology,1
give feature,1
scarche answer,1
overhear conversation,1
have frustrating experience,1
raise concern,1
expect more reliable experience,1
urge developer,1
run google,1
wrong language,1
do generalization,1
student,1
ai1000% work gggg,1
seem nice and adequate ai,1
take more time,1
give short response,1
give all answer,1
wrong detail,1
helpfull ai,1
say backroom,1
regain capability,1
change assistant voice,1
need such stupid application,1
discuss medicine,1
take photo,1
very educative and entertaining app,1
change thinging,1
play chess,1
very bad service,1
fun gimmick,1
have none,1
make false claim,1
access feature,1
convert image,1
poor update dev,1
understand degenerative disc disease,1
massage pain,1
great beast,1
have nice sound voice,1
excellent platform,1
lose interest,1
get very basic and popular result,1
include more feature,1
read english,1
bring assistant capability,1
choose english language option,1
ask2 question,1
prove feature,1
give contact,1
promote app,1
personal guide,1
give example,1
ruin android,1
make hey gemini,1
appreciate humble google assistant,1
add text,1
explore gemeni,1
give so many reason,1
joke,1
very refined interface,1
use pixel watch,1
write program,1
tell skill level,1
require improve,1
amazing answer,1
trigger gemini,1
do important thing,1
data privacy finger,1
it mistake,1
prefer app,1
improve calculation,1
enhance ai,1
usefull,1
wyckoff ha judy hagman,1
have extra little nudge,1
! ty goog,1
great new ai,1
great experience ai work,1
promote representation,1
explain math problem,1
use voice note,1
develop voice search option,1
most useful app,1
such pathetic ai tool,1
create two different voice command,1
aid decade,1
miss internet access,1
wake phone,1
really useless and poorly develop ai,1
believe hype,1
install urdu language,1
rate gemini app,1
add more fun activity,1
create low cost image,1
trade chat,1
unexpected censorship,1
give correct answer.but,1
ghost,1
perfect ai,1
recommend assistant,1
give well solution,1
use google genini app,1
excelent voice recognition,1
good short term comprehension,1
switch length& width label,1
keep long picture,1
want gemini app,1
develop well ai chat bot,1
language appearance,1
technology,1
try quite a few ai app,1
write research paper,1
use own word,1
love gemini!we,1
know name,1
love gem,1
add new feature,1
give valid answer,1
offer more human like and accurate response,1
improve datum security,1
ask voice,1
hashtag social medium content,1
have advanced access,1
call one,1
very well app,1
good hai,1
turn device,1
first impression,1
give accurate result,1
search internet,1
search various article,1
say nada,1
generate event message,1
describe upload image,1
show good assistant,1
so many mistake,1
miss possibility,1
miss tidal spotify extension,1
good competitor,1
improve search result,1
quick and good response,1
give false information,1
great feature,1
get absolutely no none complaint,1
good ai module,1
texte good friend,1
separate2 google,1
nice sarvice,1
find steal offline phone,1
access datum,1
very helpful assistant,1
think anything ai,1
involve they self,1
import pdf file,1
just incredible innovation,1
use's service,1
add ability,1
answer lot,1
great support,1
have great information,1
upload image,1
process image,1
create story,1
use pixel bud hand,1
get kind,1
have amazing feature,1
much well free tier,1
have advantage,1
lack memory,1
use google gemini live mode,1
provide flawed and inaccurate information,1
demand permission,1
explore knowledge,1
read all text,1
absolutely helpful feature,1
reserve,1
fix hearing problem,1
give permission,1
nice response,1
good aap,1
save lot,1
play voice,1
display answer,1
common sense thing,1
good google application,1
poor audio transcript,1
read text,1
have completely different and unique style,1
balance strength,1
have fast response,1
appreciate live feature,1
play thing,1
very very cool and easily accessible assistant,1
add game,1
clear concept,1
good ap,1
bad solution,1
take much time,1
loose feature,1
such dumb design,1
have poor image generation quality,1
ask ai,1
1 corinthians,1
open camera,1
absolutely good ai tool,1
give gemni,1
have one problem,1
fix five star,1
so helpful ai stuff,1
recognize photo,1
improve's future interaction,1
very good excellent app,1
revise review,1
request search,1
trail,1
do simple math problem,1
gimini developer,1
ask gemini live,1
generate own voice,1
perfect ai chat bot,1
give acceptable answer,1
give full answer,1
easy life,1
want cbse answer,1
explain symptom,1
good way,1
love very nice app,1
need true information,1
create note,1
widget option,1
epic,1
get straight a,1
give low rating,1
do lookup,1
say good afternoon,1
force user,1
good geo,1
do particular action,1
lack basic feature,1
amazing llm,1
muskegon heights tigers football,1
not great or outstanding ai app,1
help lot,1
useless company,1
delete activity log,1
form foundation,1
pay google,1
delete100 of thousand,1
very smart app,1
solve sum,1
activate gemini,1
read whole thing,1
make i r,1
tell useful information,1
do game,1
want improvent,1
loveeeeeee technology,1
update hindi language,1
unbelievable thing,1
check gemini,1
do so many thing,1
give same answer,1
follow proper command,1
zero star,1
understand way,1
love fact,1
replace app,1
keep two app,1
beat siri,1
nice need improvement,1
pretty smart app,1
have very strong ability,1
add bangla language,1
very usefull app thank,1
give valuable information,1
transfer print calendar,1
waste so much time,1
put information,1
pay praise,1
say alhamdulillah,1
and thank,1
perfect ai assistant,1
understand hindi word,1
assistant feature available search,1
sell llm,1
regurgitate too much useless information,1
turn phone screen,1
tell answer,1
spanish speaker,1
add way,1
add comment,1
control third party application,1
basic google assistance,1
provide good answer,1
mountain hardwear opinion,1
mock very basic learning process,1
see picture,1
learn new thing,1
very quick response,1
deserve freedom,1
want real information,1
replace genuine learning,1
fantastic usefull easy to operate thankyou android,1
create video,1
like potential,1
lot wall,1
generate knowledge,1
gemini application,1
terrible mistake,1
investigate gemini,1
have correct answer,1
upgrade tech system,1
give all feature,1
mas h app,1
lose capability,1
consider good thing,1
leave bloody answer,1
power,1
express strong interest,1
know many other,1
have plan,1
raise awareness,1
amazing live chat feature,1
scratch head,1
provide feature,1
review,1
informative,1
generate human quality text,1
continuous learning,1
get million coin,1
create event,1
give image,1
create end product,1
use british english,1
fast'an upgrade progress,1
like experience,1
amazing response,1
obey simple order,1
get improvement,1
retain personal information,1
too much censorship,1
sharpen thinking,1
construct question,1
need more info,1
overcook prime steak,1
not fan,1
very good song,1
understand students question,1
send account,1
replace function product,1
replece google assistant,1
read receieve message,1
edit muxh,1
have seperate chatbot,1
essy,1
good ia,1
very evasive vague and general answer,1
simple user interface,1
unexpected review,1
just right ai,1
9 october,1
see such useless ai,1
make several action,1
need widget,1
make beautiful photo,1
have live option,1
good effort,1
expand range,1
great disappointment,1
none,1
have only single voice,1
track location,1
give detailed update,1
take word,1
deserve such respect,1
provide perfect answer,1
have year,1
perfect assistant,1
crazy woke garbage,1
nice and helpful application,1
so much soothing,1
update phone,1
have interest,1
add kore feature,1
force gemini siren,1
delete only gemini app,1
get gemini ai advance trial,1
use gemini live,1
check transcript,1
find more improvement,1
bring update,1
nice product,1
detail dnd campaign,1
great life solutions,1
bad voice recognition,1
solve hard thing,1
make google,1
very intelligent model,1
do alright job,1
powerful app,1
great user experience,1
simple thing,1
forget thing,1
have hearing problem,1
give answer search,1
switch app,1
enable circle,1
provide require information,1
improve quality,1
get thinkg,1
refuse so many topic,1
very usefull software,1
accurate and standar google,1
not bed,1
first time delay,1
push gemini,1
provide really good assistant,1
reliable and credible source,1
do's job,1
perfect companion,1
streamline task,1
change game,1
good al bot,1
make homework,1
it really good app,1
have doubt,1
get proper answer,1
miss functionality standard,1
give detailed& seemingly accurate answer,1
use google asst,1
service,1
open bluetooth setting,1
enter thing,1
stop conversation,1
need camping tool,1
best answer,1
good thank,1
nice application,1
ashishkumar pravinbhai patel,1
change gemini's voice tone,1
excellent personal experience,1
translate conversation,1
want email message and calendar usage,1
good conversationalist,1
create memory,1
generate specific result,1
make hindi,1
should more work,1
need vip,1
want bard,1
bridge,1
still plenty,1
remember location,1
give previous unit,1
truly helpful thank,1
utilize gemini ai,1
use technology,1
tell good mention,1
support meiteilon manipuri language,1
ruin minority language,1
lack accent,1
understand answer,1
make attempt,1
learn man,1
lose phone,1
do hell,1
uninstalle copilot,1
nice guy,1
have good answer,1
efficient and effective satisfactory99%,1
asik,1
want garbage,1
really good app,1
enhance specific skill,1
google thing,1
get co,1
copy success,1
shove junk,1
nice voice,1
very wonder,1
have delay,1
ridiculous strict safety limit,1
use os,1
waste battery life,1
Ô∏è ai,1
want other domim,1
wrong info,1
remember two thing,1
rephrase inquiry,1
use massive amount,1
control smartphone,1
leave stuff,1
find scenario,1
support leftist or progressive ideology,1
take approved language base,1
voice assistant,1
tell developer,1
want previous name,1
use bard,1
love's response,1
get previous name,1
only aggregate,1
control smart device,1
change accent,1
why male voice,1
awesome product,1
read app,1
like female voice,1
discuss election,1
good ai feature,1
great advanced technology app,1
remove gemini,1
give incorrect result,1
access assistant setting,1
poor knowledge,1
it teacher,1
upgrade app,1
great option,1
rate phone,1
bring google pixel,1
taste amazing picture,1
provide one,1
change gemini setting,1
provide instruction,1
make more reliable system,1
transparent incompetence,1
comprehensive phone ai assistant,1
like d,1
thanks nice job,1
fast,1
really hood,1
open pinme conversation,1
give1 star,1
good image generator,1
use image,1
give childish idea,1
nice experience good job,1
infuriating app,1
take3 round,1
take so much time,1
very poor integration,1
teach love,1
have wonderfulness,1
treat ai,1
have extra information,1
excellent app thank,1
very useful thank,1
edit meaning,1
good app thank,1
make review,1
couple,1
put file,1
save google task,1
average response,1
dreadful woke piece,1
allow adult topic,1
too good app,1
very good friend,1
love gemini ai,1
win gemini,1
love gemini samsung s24 feature,1
hate apple intelligence,1
love open ai,1
do wonder,1
research online live information,1
figure current location,1
god,1
trip,1
2 adult,1
leave google ecosystem,1
nice and probably good tool,1
have solution,1
upload picture,1
show ai generate photo,1
give clear answer,1
compare ai,1
appraise democratic mobocracy,1
access education,1
give1000000 dimon,1
super english,1
pretty good result,1
have well integration,1
generate google sheets spreadsheet,1
great feedback,1
shockingly good replacement,1
do all stuff,1
have most interesting brainstorming session,1
keep log,1
use note app,1
navigate dreadful website,1
less functionality,1
do math,1
search web,1
know google,1
real friend,1
very bed,1
vwry helpfull,1
use voice control,1
three star,1
develop system,1
have faith,1
do simple calculation,1
share personal problem,1
provide this much thing,1
bring more voice,1
nice one,1
find direction,1
takeover,1
give aqurate answer,1
provide inaccurate result,1
life changer,1
need more development,1
write long review,1
use genie assistant,1
network advantage,1
give halluginate statement,1
legendary ai,1
copy wrong word,1
good lessening,1
correct grammatical mistake,1
st's convent school,1
very beautiful gemini,1
press send button,1
tap mic,1
do ai bot,1
fast search,1
update app,1
return ai chip,1
forget previous chat,1
sense,1
have right,1
total new universe,1
pic generated nhi hoti hai,1
not accurate or correct as chqtgpt many many mistake,1
encounter issue,1
have same problem,1
inherit problem,1
need more acute datum,1
babu88 online game,1
win game,1
surprisingly perfect answer,1
like request limit,1
run three party,1
have so many nice conversation,1
very excellent app,1
next gen app,1
only one sentence,1
get remainder,1
love it,1
update memory,1
hate app,1
get all require search,1
take real friend,1
duffer app,1
very nice and friendly app,1
good evaning,1
very knowledgeable ai tool,1
great innovation,1
excellent ai app,1
do basic task,1
outstanding ap,1
enjoy voice,1
wing gundam,1
give concrete answer,1
handle very basic command,1
understand query,1
provide useful answer,1
personalize response,1
amazing tech,1
give correct and accurate answer,1
love idea,1
study purpose,1
love live mode,1
perfect application,1
absolute game changer,1
absolutely excellent service,1
pick publicly available datum,1
very useful and authentic information,1
enjoy way,1
take little practice,1
use microphone,1
give bad review,1
open phone,1
very intriguing kool beanz,1
answer quite lot,1
bright kid,1
ask trigonometry table,1
sin45¬∞ value,1
easy5 star rating,1
answer silly answer,1
solve physics and math problem,1
provide detailed information,1
find resume,1
need c ai,1
lower volume,1
destroy humanity,1
hail new robotic overload,1
unreliable beta software,1
make ney image,1
remove application,1
public review,1
very very good working,1
validate's own result,1
make trouble,1
do simple assistant task,1
knock star,1
get actual help help,1
awesome voice quality,1
kese kar sakte,1
read fine print,1
good info,1
use150+ language,1
give pic,1
give slight edge,1
learn new idea,1
need ton more work,1
pull thing,1
nice very nice app,1
copy picture,1
give clarity answer,1
greeting,1
need information,1
get all feature,1
give perspective answer,1
nice ui,1
woke ai,1
list's fault,1
nice to talk to very human like response,1
world2 ai app,1
give good answer,1
good potential,1
good good app,1
send add,1
fun and great chatbot friend,1
very poor ai response,1
misheard question,1
do lack,1
make group,1
have all answer,1
blackit app,1
like google,1
make difference,1
good suggestion,1
phone device,1
fill trouble,1
remarkable technology,1
understand dulcet northern accent,1
get problem,1
block option,1
worthless design choice,1
set event,1
understand tamil language,1
use less app,1
great teacher,1
have genius admin assistant,1
increase time delay,1
consider variable,1
add document reading feature,1
find picture,1
give great chance,1
need explanation,1
do command,1
stop timer,1
install gemini app,1
role playing problem,1
add option,1
take alot,1
have back,1
give correct and precise answer,1
prefer one,1
replicate duplicate,1
very wrong information,1
ex,1
tell wrong name,1
say wrong review,1
use google web page,1
have smooth support,1
make cool story,1
bruh,1
get4 star,1
take give information,1
amazing service,1
control app,1
use good grasp,1
use hand,1
use phrase,1
check setting,1
listening.aske question,1
write information,1
fail,1
nsfw thing,1
interpret traffic lane sign,1
provide way way well contextual answer,1
nice great job,1
so far very good job,1
put phone,1
very nice and intresting app,1
not work,1
get lot,1
have intelligence,1
give decent summary,1
trisha de.,1
leave dangerous information,1
outstanding,1
know full form,1
add screen search option,1
good place,1
support country,1
introduce's lite version,1
easy time,1
give fast answer,1
keep hey google,1
restrict free speech,1
very very very helpful app,1
exceed expectation,1
showcase impressive language understanding capability,1
guzman,1
leverage google assistant,1
improve knowledge,1
very good user friendly app,1
have modarola,1
fifth star,1
open messaging app,1
terminate service,1
sync google,1
call ai,1
amazing feature,1
have dominance,1
use full thing,1
chance,1
require more time,1
i'msatisfied,1
delete update,1
decriminalize smokong,1
explain lay,1
get message,1
have gemini advanced,1
train child,1
absolute rubbish output,1
useless ai,1
improve mistake,1
want more specific information,1
understand basic command,1
40 year,1
execlent,1
paste more than1 photo,1
find things,1
deserve five star,1
release application,1
get prompt,1
watch content,1
miss content,1
add contact,1
understand simpilist command,1
see great ai,1
mobile phone,1
good and useful app,1
private reading,1
have limit,1
say whole united states army fact,1
good conversation model,1
so far so good first day,1
use friendly assistant,1
use voice input,1
shut conversation,1
not vioce work,1
see next version,1
have read aloud capability,1
gain more feature,1
show alarm page,1
check water,1
do even most basic feature,1
wonderful wonderful service,1
miss lot,1
want feature,1
give good information,1
accurate and human centric answer,1
good need,1
put voice activation,1
id song,1
do random,1
nah vague definition,1
have one idea,1
like bengali,1
overall good app,1
super useful app,1
give memory,1
make promotional facebook post,1
ture phone,1
nice google,1
extract information,1
smear digital grease,1
perfect accurate answer,1
talk language,1
give correct information,1
improve ai,1
read pdf and e book,1
crack world,1
really definitely pleasure,1
have really nice neighborhood,1
need conceptual question,1
bst,1
delay migration,1
rate others-,1
have opinion,1
pretty decent answer,1
thank google team,1
support feature,1
zero accuracy model useless app,1
upload pdf,1
so very helpful excellent work,1
great person,1
give name,1
give root access,1
amazingü§© goodüëç thank,1
use full app,1
tell thing,1
google-,1
far more fun,1
study homework,1
interrupt gemini,1
activate voice command,1
use youtube music premium,1
use samsung bixby,1
use z fold,1
use iphone,1
beta program,1
got one problem,1
see go live button,1
useless garbage,1
ruin body,1
suggest well possible solution,1
suggest good way,1
make video,1
because ye mere mobile ke andar nahin a sakta,1
get kiss,1
experience app,1
get more star,1
wait turn,1
push microphone,1
give how much neglect,1
avoid poorly execute junk,1
good and great ai app,1
say hey google,1
-seamless response,1
open phone app,1
different voice alternative,1
misrepresentation,1
amezing experience,1
restructure chaos,1
learn ai,1
love interaction,1
create reminder,1
ps triathlons metalist,1
v.good,1
release failure,1
control home light,1
use male voice,1
create brand image,1
name tune,1
choose chatgpt,1
like gpt,1
great thank,1
give result,1
offer smooth user experience,1
prefer native language,1
include malay language support,1
disapoint thx google team,1
customize several personalize gem,1
create tutor,1
speak fluent spanish,1
see sign,1
give app,1
beat,1
deliver useless response,1
most improvement,1
give how to,1
select other language,1
replace human,1
provide lovely solution,1
good example,1
comparison,1
correct word,1
ask dame question,1
try pro gemini,1
very weak app,1
show kannada text,1
try claude pro,1
solve math science computing and engineering question,1
do well job,1
thank gemini ai team,1
most powerful app,1
misunderstand instruction,1
make note,1
have little bit,1
see facial cue,1
use bangla language,1
outclass,1
support mobile,1
support pop up mode,1
provide lyric,1
expect reliable and correct information,1
really good assistant,1
know right way,1
understand google home automation key phrase,1
use gem tutor,1
free fire,1
use less than two sentence,1
miss half,1
handle simple question,1
take forever,1
accurate answer,1
shove llms,1
meet standard,1
break heart,1
uninstall bug,1
beat's and meta's ai system,1
give perfect answer,1
use routine,1
implement feature,1
review specific detail,1
control audio playback,1
understand cultural aspect,1
start mic,1
open assistant,1
great ai software,1
install google app,1
bring clarity,1
provide insight,1
very impressive app,1
great english2 helper,1
4 star,1
use keyboard voice system,1
add video button,1
add play music,1
appreciate work,1
provide nepali language,1
bermese language,1
nice option,1
miss vital feature,1
make custom routine,1
t,1
get long way,1
very good ai application,1
very expensive app,1
have search screen function,1
sacrifice basic functionality,1
mismatch,1
capture voice,1
learn new language,1
good but photo generation,1
guesse's name,1
hold conversation,1
give more star,1
need more access,1
spend more time,1
talk een,1
get more message,1
need more experience,1
need tamil translation,1
keep old google assistant,1
add stuff,1
convey same level,1
useful ai function,1
delete previous chat thread,1
helpful tool,1
turn information,1
understand thing,1
control other device,1
prefer more less filter system,1
good ever chat gpt chat gpt,1
loop answer,1
trust worthy answer,1
make bad image,1
fix error,1
good wish,1
have highly disappointing experience,1
enhance capability,1
love goggle gemini,1
v.good app,1
excellent feature,1
have ai,1
ask spotify,1
make terrible jpeg,1
bloody awesome app team google thank,1
difficulty,1
well assistant,1
tell complete opposite,1
good ai application,1
test gemini,1
embody ethos,1
find too many reason,1
very useful platform,1
make assignment,1
spread misinformation,1
trust ai overview,1
look information,1
cut bs,1
show only hindi,1
super app helpful study,1
use internet,1
super good a.i,1
exlent chat gpt,1
tell abt gemini,1
enjoy last year,1
replace regular google assistant,1
give roleplay script,1
learn dead language,1
see new upgrade,1
tie gemini,1
have emotional depth,1
operate mobile app,1
write diagram,1
have function,1
load us app,1
understand technology,1
run android,1
hustle bustle,1
use llm,1
teach whole lot,1
gimmick and useless replacement,1
earth magic power,1
friend,1
make less sense,1
have limited capability,1
process information,1
lack in depth analysis,1
4/10 enjoyment,1
usefully app,1
money,1
create song,1
develop model,1
stop app,1
4.5star,1
model useful.helpful question,1
improve information source quality,1
most stupid ai,1
notepad module text,1
take malyalam,1
use google,1
get1 star,1
use apple product,1
number,1
great ai gemini,1
delete other41 a.i,1
very good feature,1
give advice,1
search screen,1
use many ai app,1
really good immediate accurate response,1
need lot more improvement,1
love both gemini,1
very usefull application,1
understand different language,1
give website link,1
have personality,1
use account info support,1
nice thing,1
answer certain question,1
seek answer,1
hold google,1
write review,1
generate damn image,1
want text,1
crazy story time line,1
amazing thank,1
dip toe,1
love new british voice,1
bring all original functionality,1
put own custom voice,1
impersonate kamala haris,1
have english project,1
know idea,1
good a.i model,1
improve mood,1
control voice assistant volume,1
hold power button,1
work granny,1
watch youtube video,1
control google home device,1
good interaction,1
enable google assistant,1
support counyry,1
add extra vavoom,1
marvelous app,1
answer adzan time,1
need more realistic voice,1
love new ai,1
give proper result,1
ease,1
hell,1
tell's news,1
very good information platform,1
awesome work,1
need voice change,1
great work app,1
love ap,1
give accurate weather forecast,1
tell blatant lie,1
give same exact excuse,1
goode ai,1
use g,1
need google app,1
satisfy app,1
activate lookout,1
edit picture,1
show copy right datum,1
generate incorrect or misleading information,1
improve language,1
have good quality,1
have such useless tool,1
schedule appointment,1
less discount,1
ask two simple question,1
have full fruition,1
keep record,1
use information,1
understand spanish,1
good day,1
provide helpful information,1
give proper information,1
weak artificial intelligence,1
üëçüëçüëçüëç good app,1
enjoy ease,1
miss feature,1
do sport,1
pick phone,1
nice,1
vary good app,1
interpret input,1
use voice to text input,1
complete tast,1
state personal pro,1
good understanding,1
accurate search,1
show language,1
say one thing,1
mean blind community,1
lovely app,1
need more emprovement,1
have10 question,1
give proper response,1
enhance productivity,1
appreciate innovative technology,1
good add,1
press speak key,1
make income,1
like gemini program,1
find question,1
very good and effective app,1
lovw app,1
hate fact,1
best ai assistor,1
open music app,1
have both free and pay version,1
need similar widget,1
get's info,1
very great app,1
expect english,1
detect english word,1
reach even half,1
beautiful help device,1
dislike's inability,1
wonderful t,1
mom,1
understand homework,1
have conversation skill,1
enjoy live conversation,1
have same skill,1
add screen translation feature,1
reword question,1
awesome sauce,1
block answer,1
have natural language,1
play playlist,1
retain information,1
use full,1
learn alot,1
smart companion,1
deserve more than five star,1
good ai experience,1
always wrong answer,1
good and fast response,1
have new phone,1
have file upload feature,1
advanced technology,1
good information,1
provide feedback,1
top,1
hack account,1
get quick answer,1
very good communication,1
make brown stew chicken,1
take10 life sentence,1
do basic assistant thing,1
hold home button,1
solve coding,1
solve simple maths,1
awesome dude,1
kindly gemini application,1
answer all querrie,1
very bad ai,1
awesome ai,1
follow command,1
miss instruction,1
make lot,1
open other chat,1
use simple english vocabulary,1
powerful and great application,1
want more attractive and luxurious filling,1
understand roman urdu,1
adjust interruption time space,1
bad ai app,1
do image editing,1
explain text,1
get five star,1
fav person lady voice,1
google product,1
give info,1
osm ap,1
set language,1
change logo,1
send print version,1
call number,1
step,1
highly ai innovation,1
make same mistake,1
lose thread,1
use apple music,1
important youtube money,1
nice aap,1
get correct reliable answer,1
improve english or maybe other language speak fluency,1
face serious challenge,1
great initiative,1
see search history,1
replace google update transmission go,1
add central kurdish,1
good halpful app,1
bring old assistant,1
copy text,1
good work gemini app,1
nice and very good app,1
make really good team,1
pass university exam,1
incomplete project,1
scope,1
review thing,1
so much potential,1
understand problem,1
need minor update,1
get point,1
add nepal language,1
straight forward response,1
stupid ai,1
break hoe,1
spotify integration,1
need image generation,1
very cool app,1
explain same thing,1
retain context,1
ÿßÿ±ÿØŸà,1
have other question,1
artifica stupidity,1
minimize app,1
show practical price,1
do face,1
read copy,1
cool story,1
wrap head,1
very engaging great discussion,1
have spotify integration,1
deleting app,1
good helpful ai,1
tell lot,1
stupid app,1
change reminder,1
lose sight,1
so beta testing,1
have much clarity,1
lot,1
get full access,1
remove memory,1
outperform gemini,1
disabile other app,1
love voice input,1
opinion,1
recommend gemini,1
do something assistant relate task,1
start new session,1
ask google,1
provide medical advice,1
call specific number,1
memorize phone number,1
know number,1
lack capability,1
get solution,1
give halfass,1
know tamol,1
bad quality sound,1
do xyz,1
analyse video,1
encounter error,1
plz work,1
always excuse,1
say mark,1
have nice and nice one,1
hack password,1
give satisfying result,1
give political result,1
post link,1
big win,1
force move,1
cmpmahesh,1
know more advance thing,1
give voice prompt,1
get pixel phone,1
complete simple google home command,1
reduce work,1
inadequate reply,1
fantastic ai option,1
outperform alexa,1
select prefer language,1
require confidentiality,1
force ai,1
send text,1
very good performance,1
have such low rating,1
very bad listening skill,1
fun ai app,1
very nice presentation,1
helpfull hai,1
very nice technology,1
show picture,1
do something,1
lack feature,1
have even more feature,1
provide only link,1
generate answer,1
close application,1
uninstall app,1
have two phone,1
command gemini response,1
do more thing,1
write work,1
simply amazing ai,1
write code,1
get exact response,1
play bass guitar,1
new good sidekick,1
encounter problem,1
slow privacy concern,1
know other dialogue,1
use open ai,1
still lot outdated information,1
language support,1
simply l e g e n d a r y.,1
change chemin voice,1
do many thing,1
extract sentence,1
use youtube video,1
explain whole question,1
make much more mistake,1
detailed information,1
smart friend,1
erase conversation,1
use google map,1
write message,1
assist user,1
have unlimited access,1
provide more information,1
etc,1
show wrong answer,1
provide very nice tip,1
gather more datum,1
occupy more than5 gb storage,1
different way,1
have enough money,1
maintain subscription,1
invoke gemini,1
give free phone,1
paste material,1
excellent tool,1
easy to use reliable awesome interactive feature,1
verry grate innovation,1
ignore negative question,1
buy gemini,1
english,1
good aplication,1
put five star,1
pose significant challenge,1
adjust volume setting,1
interrupt flow,1
have early access,1
still alot,1
require late version,1
check play store,1
great more need,1
very good chat bot,1
push update,1
highlight source area,1
give incorrect answer,1
update gemini,1
hate you guy,1
limited ability,1
brain,1
leftist agenda app,1
understand indian accent,1
deserve even single star,1
uninstall glitch,1
charge ability,1
great conversation,1
want ai chat app,1
limited image,1
buy_,1
give extra star,1
reset phone,1
view image,1
read book,1
need screen translator option,1
good ai friend,1
use for were ona,1
show mistake,1
shoot skit,1
slow response,1
use voice function,1
usefully apk,1
generate less text,1
good version,1
give star,1
want hand,1
programme google assistant,1
highly intelligent great alternative,1
prefer but great work,1
make little mistake,1
delete google,1
appreciate self- promote app,1
pay money,1
speak portuguese,1
handle2 question,1
onae,1
tell good result,1
amazing ai assistant,1
amazing assistant,1
great replacement,1
have many mistake,1
need precise answer,1
code pine script,1
contain advanced knowledge,1
remember shhit,1
touch heart,1
respond two question,1
make personal greeting,1
constant pop- up,1
secure globe,1
enjoy new life,1
remove all google assistant feature,1
day,1
"powered,(type",1
pressure,1
get same time,1
-blessing,1
receive photo,1
want third party,1
very nice and frister app,1
keep answer,1
pirfict app,1
really wonderful app,1
handle simple task,1
want change,1
deny great app,1
display information,1
have android phone,1
beautiful thing,1
perform task,1
say hey gemini not hey google,1
put persian language,1
have experience,1
good listener,1
inconsistent information,1
play shark boy,1
provide irrefutable evidence,1
get personal counsellor,1
open audible app,1
throw search result,1
nice and good app,1
compromise privacy,1
great companion,1
verify response,1
obtain response,1
need at least10 year,1
say fifteen minute,1
make coherent sense,1
like similar ai,1
good help feature,1
read news,1
access app,1
forget hand free help,1
edit draft,1
choose gemini app,1
help human,1
such simple task,1
0261 pixie cut,1
have great gemini,1
willrule world,1
get good result,1
good lock,1
always good and nice batter dan iphone,1
amazing and helpful app,1
trust,1
right time,1
true friend,1
great opportunity,1
nice chat,1
very mind blow application,1
provide truly enjoyable experience,1
offer seamless and enjoyable experience,1
provide clear answer,1
voice response,1
good ai image,1
express feeling,1
miss key functionality,1
give honest rating,1
protect privacy,1
understand complex notion,1
gr8 one4 analyze d thingz v r,1
change mind,1
share market trading,1
excellent work,1
extract main point,1
very interesting and useful app,1
enrich decision making power,1
appreciate team gemini,1
add function,1
enjoy question,1
spit bad information,1
help close friend,1
have glitch,1
answer at all question,1
take time,1
give actual answer,1
ryan,1
need extremely detailed situational question,1
give explanation,1
summarise page,1
attach custom screenshot,1
press power button,1
need website url,1
interesting companion app,1
fix spotify issue,1
need gemini,1
awesome experience,1
give deep insight,1
save chat log,1
speak other language,1
remember previous message,1
whisper question,1
great appa,1
like live chat,1
use microsoft beta,1
see great feature,1
gather knowledge,1
change default contact number,1
work good,1
solve math equation,1
build body,1
nice voice assistant,1
need access management,1
operate and bang first crash,1
good ai system,1
most powerful weapon,1
give opposite answer,1
very intelligent ai,1
do basic function,1
give valuable advise,1
redone voice recognition,1
recall chat history,1
save response,1
not enough information,1
very restricted especially taboo topic,1
process large amount,1
add google assistant,1
hand dumb ai,1
excellent choice,1
verry usefull app,1
ask current wthr cond,1
cool interactive ai chatbot response,1
understand accent,1
permote app,1
provide actual datum,1
information friend,1
it good search engine,1
identify two different captain,1
control usual app,1
have hard time,1
good google,1
know location,1
jahangir trader,1
good feature,1
actual current temp,1
have voice,1
very impressive performance,1
hear different accent,1
give100% true information,1
experience technical difficulty,1
reference answer,1
lighten task,1
run business,1
like old fashioned way,1
amazing conversation,1
have full experience,1
get basic function,1
perform action,1
5 star,1
recommend very bad experience,1
like quiz,1
update necesity,1
fuse gemini,1
stop gemini pop up,1
want advanced humanlike intelligent ai,1
great technology,1
superb performance,1
awesom app,1
continue chat,1
call place,1
make suggestion,1
build good relationship,1
have setting,1
miss functionality,1
give suggestion,1
ignore question,1
cancel timer,1
give miss,1
use brain,1
poor sharing,1
but own account,1
fix display,1
use personal profile,1
amazing ai app,1
nice tool,1
marvelous experience,1
allow voice command,1
put quotation mark,1
find solution,1
verify payment,1
open tidal,1
give wrong datum,1
have good ai experience,1
know monthly subscription,1
have security breach,1
steal device datum,1
want more app,1
enable google gemini,1
fascinate stuff,1
use google assistant voice,1
turn gemini,1
bot ano√´,1
very good animation,1
love voice option,1
uninstalle garbage,1
have too much trouble,1
enable location service,1
spam android user,1
have vision issue,1
provide100 per cent guidance,1
control paradigm,1
change voice android,1
goate ai,1
know spit,1
hindi paper answer,1
incorporate ability,1
see timer,1
love new companion,1
understand spotify,1
bypass screen lock,1
gmini,1
need access,1
require above permission,1
enable access,1
experience good ui,1
have remembrance feature,1
must try app,1
give five star and congress user,1
very very very very good app,1
very intelligent and informative app,1
take power,1
voice call out command,1
trash ai,1
give access,1
search google,1
add arabic voice,1
do note,1
keep great work,1
make seperate app,1
very good source,1
assess pdf,1
take only feature,1
take only thing,1
cover caller name,1
key board,1
very helpless app,1
maybe not problem,1
embarrassing failure,1
fail ai game,1
very poor understanding,1
google account map,1
give ability,1
brainstorm comic idea,1
see photo,1
use chat gpt,1
give more wrong answer,1
awesome good luck,1
give more information,1
show message,1
give joke,1
want gemini thing,1
so far cool to use so far regret,1
quick answer,1
poor performance,1
add more than one picture,1
very nice gemini,1
vry hlpful,1
gather information,1
love image,1
try a couple ai assistant,1
very nice app intelligence,1
know user,1
have such good experience,1
get all answer,1
like voice,1
like google assitant voice,1
like fix,1
test app,1
oppo,1
give real shift,1
very intresting feature,1
catch wrong pronunciation,1
have very less fact,1
listen word,1
harman singh harman preet kaur,1
understand bangladesh,1
figure most productive way,1
prove value,1
outstanding platform,1
pride,1
solve more and more problem,1
find cute new gf,1
commlete task,1
leave half information,1
hit point,1
leave importan info,1
great platform,1
provide photo,1
seggetion,1
west app,1
prefer google assistant and also google assistant solo,1
very brilliant app,1
genarate image,1
learn knowledge,1
friendly app,1
have good time,1
understand basic question,1
leak personal information,1
read document,1
good free general purpose ai,1
amazing work,1
provide all facility,1
speak marathi,1
have difficulty,1
improve ability,1
see full version,1
switch google,1
ask one thing,1
really useful a.i,1
nice and important app,1
use career guidance gem,1
very good experience,1
add gemini,1
give basic info,1
amazing good work,1
very nice bahut achcha hai mera,1
generate response,1
say lot,1
select language,1
need broad and well understanding,1
bother google programming,1
good google gemini,1
feel satisfaction,1
do same mistake,1
cut word,1
also very poor context understanding,1
very poor word detection,1
very effective& useful thing,1
keep brain,1
well publish ai,1
add google assistant feature,1
gd experience,1
good buddy,1
solve maths question,1
wow very nice feature,1
enjoy easy vocal search,1
use voice typing,1
waste far more time,1
call contact,1
write daddy,1
good sence,1
really great big usefully app,1
good digital assistance platform,1
give useful insight,1
read notification,1
good late version,1
acheive basic functionality,1
also support,1
three prompt,1
tough competitor,1
brainstorm idea,1
nice app good answer,1
have concern,1
nice and futuristic app,1
give verbose response,1
ask simple math problem,1
google.apps.draining,1
bad ai service,1
give well result,1
ask first question,1
post voice note,1
like extension,1
change review,1
want accurate answer,1
correct math,1
see one word,1
make primitive kiln,1
make excellent source,1
google brother,1
google app dependency,1
practice english pronunciation,1
fit4 u,1
switch google assistant,1
real assistant feature,1
really useful app,1
install app,1
need meditation program,1
feel amazing experience,1
it great a.i tool,1
fase problam,1
add full screen animation,1
wanderful app,1
open webpage,1
prefer google,1
most helpful assistant,1
super experience,1
know bangla,1
work progress,1
give10 star ou,1
excellent google engine work,1
very nice wifi,1
really useful and good tool,1
control phone app,1
ask speech,1
good but slow loading instance,1
give more accurate information,1
very good app‡•§ helping app,1
have body,1
big disappointment,1
remember name,1
good ai assistant,1
power ai,1
awful voice assistant,1
awful design,1
destroy android,1
too many error,1
next level stuff,1
have add,1
too much unnecessary permission,1
he very usefull app,1
pending,1
very useful& information base app,1
pick word,1
learn english language,1
good picture,1
new helper,1
form query,1
create really dangerous situation,1
do wrong thing,1
smoke pot,1
information,1
very interesting app,1
need change,1
do search screen,1
wait minute,1
enhance mind,1
good apo,1
standard answer,1
say right answer,1
need other language,1
generate simple image,1
give whole historical geographical information,1
offer correct and accurate answer,1
explain concept,1
very coop app,1
imagine power,1
commondeer power switch,1
pleasant interaction,1
install gemini,1
such fantastic app,1
have setup hassle,1
lic,1
mash allah,1
provide very authentic information,1
imagine woke copilot,1
say truth,1
give long type's answer,1
very well design& innovative ai,1
bread,1
very good assistance,1
understand topic,1
pick audio,1
nice good app,1
see such useful app,1
upgrade device,1
uninstall application,1
get free trial,1
have spotify extension,1
absolutely worthless app,1
help positivity,1
phenomenal true master piece,1
know definition,1
answer political question,1
give life base response,1
use memory feature,1
have gemini caller id voice,1
allow app,1
fake answer,1
give full star,1
need name change,1
give c.ai vibe,1
chatgpt jyada acha bas ye hai ki uske paise lagte hai kuch jyada hi maine socha tha google ka gemini,1
very very bad service,1
add general knowledge,1
love assistant,1
help image,1
perform simple transcript,1
show image,1
do google shopping,1
understand urdu,1
provide language,1
research context,1
search matter,1
gain knowledge,1
give most appropriate answer,1
have very many hide feature,1
star app,1
use additional personal assistant,1
have nice boss,1
nice experience,1
love assistance,1
awful impression,1
tremendous work,1
need ability,1
use headphone,1
use other program,1
get ways,1
forgot conversation,1
take lil peep,1
understand command,1
set geographic reminder,1
follow5 step,1
most advanced and relevant ai model,1
tell most uptodate answer,1
spout useless fluff,1
give wrong result,1
update google assistant,1
provide hand free texting,1
need more functionality,1
get bloom,1
generate ai image,1
half bake feature,1
use chatgpt app,1
hide donald trump podcast,1
have quick solution,1
argue insanity,1
open conversation,1
send bug report,1
yes nice app,1
create basic ai image,1
have pleasure,1
use fahrenheit,1
have very clear understanding,1
use gemini advanced,1
download new gemini app,1
like google assistant,1
use malaysian language,1
favorite ai helper thank,1
manage home automation,1
good searching appp,1
include picture,1
unlock pixel,1
break information,1
have zero value,1
include long press power button feature,1
prefer chat gpt,1
return response,1
get google address,1
use google gemini,1
boring ui,1
add support,1
call stupid program,1
edit prompt,1
change part,1
ignore detail,1
revise own algorithm,1
hear correct name,1
schedule reminder,1
guy,1
very good assistant,1
speak arabia,1
fast responsive,1
make calendar reminder,1
casualty,1
beat other ai app,1
remember important detail,1
miss's world class search engine,1
export entire transcript,1
do one response,1
build rapport,1
create human,1
give late information,1
give more other information,1
have one thing,1
fully equire feel,1
use google gemini live,1
opretion manual testing,1
add malaysia language,1
use so much accurate very high quality picture,1
very good platform,1
like great result,1
have facility,1
new teacher,1
v good application,1
very nice app use,1
recommend student,1
bad working,1
love conversation concept,1
keep good conversation,1
surprise belief,1
create picture,1
nice information app,1
fantastic wonderful technology,1
work tho utha kar yaar aaja aaja main bhi nahi jantha hai mujhko bhi ho app,1
define aura,1
good ai graphic designing,1
bad performance,1
help work,1
wow amazing app,1
include app,1
enjoy ai tool,1
support nepali language,1
boone application,1
beautiful feature,1
keep company,1
too much introduction,1
have cell phone,1
use both google assistant,1
lose assistant,1
disable gemini virus,1
different answer,1
love ai suggestion,1
see app,1
cut bluetooth audio,1
send incorrect text,1
make good difference,1
just waste,1
give great help,1
uninstalle google gemini,1
thanks boo great job,1
request google gemini ai app,1
choose language,1
very well develop app,1
osm,1
downlode app,1
get really strong answer,1
make massive use,1
need space,1
way,1
give good app,1
edit review,1
have good start,1
wonderful assistance,1
! two thumb,1
incorporate other language,1
like help app,1
complete homework,1
expert learner,1
change voice command name,1
jarvis,1
take3 hour,1
awesome software,1
wowo how amazing application,1
really good ai,1
remind gemini,1
really cool interface,1
prefer integration,1
fast reply,1
open email,1
learn multiply interest,1
do spotify,1
waste aaap,1
need more promotion,1
ask tough question,1
take test,1
give nice voice,1
new and distinctive feature,1
yah bahut accha app,1
practice math problem,1
rate more than2 star,1
mention problem,1
tell problem,1
very nice good replacement,1
do great thing,1
add extra step,1
ask study related question,1
post photo,1
make gemini,1
have permission/ entension,1
take shower,1
provide formula,1
regurgitate useless repeat awser,1
find new recipe,1
good output,1
have more feature,1
extraordinary fantastic mind- blowing app,1
help science,1
want technology,1
not really great app,1
assistant replacement,1
great answer,1
give traffic report,1
add two more project,1
google assistant,1
and assistant,1
destroy userbase,1
goodluck,1
dumb app,1
cancel trial,1
jeopardize entirely separate service,1
trust service,1
save information,1
fix bad bluetooth audio issue,1
use live,1
text so,1
get very goods information,1
see benefit,1
need more time,1
look screen,1
get pegus,1
excellent fantastic marble,1
play medium,1
know alot,1
require work,1
very weak left lean ai,1
leave wrong talking point,1
summarize result,1
find bug,1
excellent working,1
have old thinking,1
rate app,1
learn option,1
108 east5th street,1
have same function,1
need hand free assistant,1
masterpiece,1
have full on conversation,1
beat competition,1
get widget,1
read thing,1
too much personal information,1
delete other chat,1
have knock knock joke,1
and how about other thing,1
access few app,1
thank good app,1
get many answer,1
say reminder,1
watch animation,1
express emotion,1
have voice match feature,1
good easy helpfull app,1
use's own von,1
have same issue,1
literally(figuratively good friend,1
pretty much perfect invention,1
nice ai app,1
very very nice and useful app,1
troubleshoot issue,1
give eaxct answer,1
best platform,1
do amazing work,1
too many restriction,1
browse internet,1
break flow,1
nice help app,1
improve microphone,1
give insight,1
see brother,1
use ai chatbot,1
beat device ai assistant,1
know basic,1
do task,1
need ui ux upgrade,1
perform basic function,1
have funny conversation,1
question,1
true,1
need some more improvement,1
absolutely appalling app,1
perfect destination,1
show map,1
or improvement,1
love guy,1
use talking feature,1
see error message,1
usefull app,1
add more text message quality acquisition,1
recommend artificial intelligence app,1
very good useful app,1
love's range,1
have semi idiot pa,1
make chilean chili seadog,1
speech,1
amazing game,1
recommend task,1
vey sensitive,1
terrible replacement,1
percentage,1
cool thing,1
find youtube video,1
find product,1
solve maths problem,1
translate chinese,1
learn mandarin,1
devlopment,1
read code,1
totally terrifying app,1
limited smart home capability,1
change's language,1
have very much more feature,1
understand simple word name,1
not prefect answer,1
love live talking option,1
get satisfy answer,1
make own answer,1
need serious work,1
pay$20 month subscription,1
very good and thank,1
type matter,1
i tool,1
give direct image,1
mental app,1
start chat,1
reopen app,1
absolute rubbish,1
understand most thing,1
have pixel,1
ask little question,1
appreciate natural and prompt response,1
definitely political bias,1
hate solicit review,1
do basic image generation,1
use pixel bud,1
not$,1
marriage option,1
summarize google news,1
send text message,1
use google workspace,1
generate character,1
radheradhe,1
give simplified response,1
very good response,1
do all homework,1
do english,1
advanced voice assistant,1
create single image,1
offer information,1
great response,1
good and best app,1
nice update,1
use ful,1
develop other language,1
kudo,1
give detailed answer,1
show other language,1
open ap,1
such great app,1
collect personal datum,1
fluid unending conversation,1
comment,1
open exist chat,1
take user,1
üëç nice one,1
all energy,1
need more fine tuning,1
wonderful ability,1
prevevi,1
total downgrade,1
provide factual datum,1
make whatsapp or other app call,1
own android phone,1
trash,1
not ai,1
heavily censor trash,1
answer controversial question,1
lololol lmmfao,1
have small problem,1
have google pixel google home device,1
answer basic question,1
say most generic thing,1
push particular viewpoint,1
need bengali language model,1
use bixby,1
choose amorality,1
good ai interaction,1
misheard many word,1
skip track,1
relay command,1
put task,1
check answer,1
chat,1
get resulte,1
really effective app.,1
third class app,1
prefer dark mode,1
very nice performance,1
accrue how much data,1
